epoca,loss,val_loss,accuracy,val_accuracy
1,0.23916245996952057,0.2142946571111679,0.5950000286102295,0.75
2,0.2001032680273056,0.17750445008277893,0.7699999809265137,0.7400000095367432
3,0.16519330441951752,0.14929261803627014,0.7799999713897705,0.800000011920929
4,0.1408015340566635,0.13149188458919525,0.8149999976158142,0.8299999833106995
5,0.12610739469528198,0.120150625705719,0.824999988079071,0.8299999833106995
6,0.1170235127210617,0.11242800951004028,0.8349999785423279,0.8500000238418579
7,0.11085136234760284,0.10666446387767792,0.8424999713897705,0.8600000143051147
8,0.10612811893224716,0.10215801000595093,0.8475000262260437,0.8600000143051147
9,0.10222166031599045,0.09856393188238144,0.8500000238418579,0.8700000047683716
10,0.09901782125234604,0.09573645889759064,0.8550000190734863,0.8600000143051147
11,0.09665853530168533,0.09381076693534851,0.8550000190734863,0.8600000143051147
12,0.09493396431207657,0.0924246534705162,0.8525000214576721,0.8600000143051147
13,0.09356178343296051,0.09141208976507187,0.8575000166893005,0.8600000143051147
14,0.09242261946201324,0.09066172689199448,0.8600000143051147,0.8700000047683716
15,0.09145399183034897,0.090065136551857,0.8600000143051147,0.8700000047683716
16,0.09065988659858704,0.08957839757204056,0.8600000143051147,0.8700000047683716
17,0.08999811857938766,0.08921870589256287,0.8575000166893005,0.8700000047683716
18,0.08946546912193298,0.08896571397781372,0.8575000166893005,0.8700000047683716
19,0.0890343114733696,0.08874733746051788,0.8600000143051147,0.8700000047683716
20,0.08865837752819061,0.088561050593853,0.862500011920929,0.8700000047683716
21,0.08832202106714249,0.08837617933750153,0.8650000095367432,0.8700000047683716
22,0.08800311386585236,0.0882309079170227,0.8650000095367432,0.8700000047683716
23,0.08767066150903702,0.08807224035263062,0.8675000071525574,0.8700000047683716
24,0.08734798431396484,0.0879024788737297,0.8675000071525574,0.8600000143051147
25,0.08702120184898376,0.08774048089981079,0.8700000047683716,0.8600000143051147
26,0.08671626448631287,0.08754818886518478,0.8725000023841858,0.8600000143051147
27,0.0864035040140152,0.08732978999614716,0.8725000023841858,0.8600000143051147
28,0.08607670664787292,0.08708302676677704,0.8725000023841858,0.8600000143051147
29,0.0857267752289772,0.08679287880659103,0.875,0.8600000143051147
30,0.08535139262676239,0.08652656525373459,0.8774999976158142,0.8600000143051147
31,0.084953173995018,0.08625217527151108,0.8774999976158142,0.8600000143051147
32,0.08452382683753967,0.08592209964990616,0.8774999976158142,0.8600000143051147
33,0.08406072854995728,0.08553541451692581,0.8774999976158142,0.8600000143051147
34,0.08355382084846497,0.08508601784706116,0.8774999976158142,0.8600000143051147
35,0.08301851153373718,0.08460548520088196,0.8774999976158142,0.8600000143051147
36,0.08243011683225632,0.08408252894878387,0.8774999976158142,0.8600000143051147
37,0.08178634941577911,0.08348581939935684,0.8774999976158142,0.8799999952316284
38,0.08107748627662659,0.08281320333480835,0.8799999952316284,0.8799999952316284
39,0.08029723912477493,0.08206100761890411,0.8799999952316284,0.8799999952316284
40,0.07943671941757202,0.08119991421699524,0.8799999952316284,0.8799999952316284
41,0.07850223779678345,0.08023437857627869,0.8824999928474426,0.8799999952316284
42,0.07749855518341064,0.07913058251142502,0.8824999928474426,0.8799999952316284
43,0.07640811800956726,0.07796106487512589,0.8824999928474426,0.8899999856948853
44,0.07518129050731659,0.0765862837433815,0.8899999856948853,0.8999999761581421
45,0.07384517788887024,0.0750417485833168,0.8924999833106995,0.9100000262260437
46,0.07239759713411331,0.07335573434829712,0.8924999833106995,0.9100000262260437
47,0.07083392888307571,0.07163313031196594,0.8974999785423279,0.9100000262260437
48,0.06911458820104599,0.06975440680980682,0.8974999785423279,0.9100000262260437
49,0.06730681657791138,0.0677526593208313,0.8999999761581421,0.9200000166893005
50,0.06545285880565643,0.06565077602863312,0.9075000286102295,0.9200000166893005
51,0.06348280608654022,0.06350099295377731,0.9125000238418579,0.9200000166893005
52,0.061473459005355835,0.061443403363227844,0.9175000190734863,0.9200000166893005
53,0.05950809642672539,0.05937744304537773,0.9200000166893005,0.9300000071525574
54,0.05757667124271393,0.05739770084619522,0.9200000166893005,0.9300000071525574
55,0.05564878508448601,0.05537022650241852,0.9225000143051147,0.9399999976158142
56,0.05377095192670822,0.05342499911785126,0.9325000047683716,0.949999988079071
57,0.05193787440657616,0.05178271234035492,0.9350000023841858,0.949999988079071
58,0.05013477802276611,0.05002010241150856,0.9375,0.9599999785423279
59,0.04836926609277725,0.04828707128763199,0.9375,0.9599999785423279
60,0.04662058874964714,0.04663866013288498,0.9399999976158142,0.9599999785423279
61,0.044967394322156906,0.04496992751955986,0.9449999928474426,0.9599999785423279
62,0.04336805269122124,0.04342150688171387,0.949999988079071,0.9599999785423279
63,0.04185189679265022,0.04194615036249161,0.949999988079071,0.9599999785423279
64,0.04040076211094856,0.04056117683649063,0.949999988079071,0.9700000286102295
65,0.039022937417030334,0.03930647671222687,0.9574999809265137,0.9700000286102295
66,0.03773670271039009,0.03810354694724083,0.9574999809265137,0.9700000286102295
67,0.036495793610811234,0.03698229417204857,0.9624999761581421,0.9700000286102295
68,0.03532800450921059,0.035902418196201324,0.9624999761581421,0.9700000286102295
69,0.03423038125038147,0.03473161533474922,0.9649999737739563,0.9700000286102295
70,0.03319729119539261,0.033623505383729935,0.9674999713897705,0.9700000286102295
71,0.03220737352967262,0.0325712114572525,0.9700000286102295,0.9800000190734863
72,0.031286466866731644,0.031594887375831604,0.9700000286102295,0.9800000190734863
73,0.030429434031248093,0.030688054859638214,0.9700000286102295,0.9800000190734863
74,0.02961554378271103,0.02984064817428589,0.9700000286102295,0.9800000190734863
75,0.028859306126832962,0.028927531093358994,0.9700000286102295,0.9800000190734863
76,0.02815175987780094,0.028017178177833557,0.9700000286102295,0.9800000190734863
77,0.027458712458610535,0.027265001088380814,0.9750000238418579,0.9800000190734863
78,0.026897067204117775,0.026718532666563988,0.9725000262260437,0.9800000190734863
79,0.026392675936222076,0.02613253891468048,0.9725000262260437,0.9800000190734863
80,0.025929901748895645,0.02553010731935501,0.9750000238418579,0.9800000190734863
81,0.02547387406229973,0.02495182491838932,0.9750000238418579,0.9800000190734863
82,0.025046946480870247,0.02441905438899994,0.9750000238418579,0.9800000190734863
83,0.024650124832987785,0.02391849271953106,0.9750000238418579,0.9800000190734863
84,0.02427958883345127,0.023444944992661476,0.9775000214576721,0.9800000190734863
85,0.02393350750207901,0.02299652062356472,0.9775000214576721,0.9800000190734863
86,0.02360747568309307,0.0226353220641613,0.9775000214576721,0.9800000190734863
87,0.023310542106628418,0.02218550257384777,0.9775000214576721,0.9800000190734863
88,0.023041140288114548,0.0219333004206419,0.9775000214576721,0.9800000190734863
89,0.0227819737046957,0.02154533378779888,0.9775000214576721,0.9800000190734863
90,0.022530868649482727,0.021123221144080162,0.9775000214576721,0.9800000190734863
91,0.022321045398712158,0.020919857546687126,0.9775000214576721,0.9800000190734863
92,0.022102536633610725,0.020609676837921143,0.9775000214576721,0.9800000190734863
93,0.02188469097018242,0.020340178161859512,0.9775000214576721,0.9800000190734863
94,0.02170792780816555,0.020044591277837753,0.9800000190734863,0.9800000190734863
95,0.0215151384472847,0.019837509840726852,0.9800000190734863,0.9800000190734863
96,0.021351514384150505,0.019556423649191856,0.9800000190734863,0.9800000190734863
97,0.021178873255848885,0.019368087872862816,0.9800000190734863,0.9900000095367432
98,0.021023256704211235,0.019067473709583282,0.9800000190734863,0.9900000095367432
99,0.020876068621873856,0.018903274089097977,0.9800000190734863,0.9800000190734863
100,0.020736373960971832,0.018664875999093056,0.9800000190734863,0.9900000095367432
101,0.020598482340574265,0.018518701195716858,0.9800000190734863,0.9800000190734863
102,0.020462673157453537,0.018255921080708504,0.9800000190734863,0.9900000095367432
103,0.020340485498309135,0.018113508820533752,0.9800000190734863,0.9800000190734863
104,0.020218992605805397,0.01798953115940094,0.9800000190734863,0.9800000190734863
105,0.020112531259655952,0.017763717100024223,0.9800000190734863,0.9900000095367432
106,0.019985772669315338,0.017599914222955704,0.9800000190734863,0.9800000190734863
107,0.019889717921614647,0.01740284264087677,0.9800000190734863,0.9900000095367432
108,0.019786261022090912,0.01730448566377163,0.9825000166893005,0.9800000190734863
109,0.019687684252858162,0.017212720587849617,0.9825000166893005,0.9800000190734863
110,0.019597724080085754,0.01698225922882557,0.9825000166893005,0.9800000190734863
111,0.019501494243741035,0.01689118705689907,0.9825000166893005,0.9800000190734863
112,0.01941569149494171,0.01671876758337021,0.9825000166893005,0.9800000190734863
113,0.01932823657989502,0.016602003946900368,0.9825000166893005,0.9800000190734863
114,0.01925203949213028,0.016539612784981728,0.9825000166893005,0.9800000190734863
115,0.01918036863207817,0.016372207552194595,0.9825000166893005,0.9800000190734863
116,0.019087672233581543,0.016263678669929504,0.9825000166893005,0.9800000190734863
117,0.019024807959794998,0.01611681655049324,0.9825000166893005,0.9800000190734863
118,0.01895049773156643,0.01606527529656887,0.9825000166893005,0.9800000190734863
119,0.018877524882555008,0.015981540083885193,0.9825000166893005,0.9800000190734863
120,0.018824731931090355,0.015838824212551117,0.9825000166893005,0.9800000190734863
121,0.018746985122561455,0.015788711607456207,0.9825000166893005,0.9800000190734863
122,0.018684720620512962,0.015619555488228798,0.9825000166893005,0.9800000190734863
123,0.018626950681209564,0.015584477223455906,0.9825000166893005,0.9800000190734863
124,0.018566308543086052,0.01555680949240923,0.9825000166893005,0.9800000190734863
125,0.01851554960012436,0.015388624742627144,0.9825000166893005,0.9800000190734863
126,0.018451251089572906,0.015353405848145485,0.9825000166893005,0.9800000190734863
127,0.018401125445961952,0.01523409504443407,0.9825000166893005,0.9800000190734863
128,0.01834433525800705,0.015172434039413929,0.9825000166893005,0.9800000190734863
129,0.01829630322754383,0.015067031607031822,0.9825000166893005,0.9800000190734863
130,0.018240047618746758,0.01501490455120802,0.9825000166893005,0.9800000190734863
131,0.01819860003888607,0.014917981810867786,0.9825000166893005,0.9800000190734863
132,0.018148425966501236,0.014907896518707275,0.9825000166893005,0.9800000190734863
133,0.018100246787071228,0.014863903634250164,0.9825000166893005,0.9800000190734863
134,0.01806672476232052,0.014758236706256866,0.9825000166893005,0.9800000190734863
135,0.0180087611079216,0.014741320163011551,0.9825000166893005,0.9800000190734863
136,0.017972378060221672,0.014606824144721031,0.9825000166893005,0.9800000190734863
137,0.017927002161741257,0.014600987546145916,0.9825000166893005,0.9800000190734863
138,0.017885606735944748,0.014478211291134357,0.9825000166893005,0.9800000190734863
139,0.017847919836640358,0.014479321427643299,0.9825000166893005,0.9800000190734863
140,0.017809391021728516,0.014393460936844349,0.9825000166893005,0.9800000190734863
141,0.01776827499270439,0.014358839020133018,0.9825000166893005,0.9800000190734863
142,0.01773434691131115,0.014279439114034176,0.9825000166893005,0.9800000190734863
143,0.017691271379590034,0.014249281957745552,0.9825000166893005,0.9800000190734863
144,0.01766376569867134,0.014175628311932087,0.9825000166893005,0.9800000190734863
145,0.017624279484152794,0.014184024184942245,0.9825000166893005,0.9800000190734863
146,0.017590591683983803,0.014072868973016739,0.9825000166893005,0.9800000190734863
147,0.017557689920067787,0.014083168469369411,0.9825000166893005,0.9800000190734863
148,0.017521856352686882,0.013977179303765297,0.9825000166893005,0.9800000190734863
149,0.017493711784482002,0.01399066112935543,0.9825000166893005,0.9800000190734863
150,0.017462540417909622,0.013918583281338215,0.9825000166893005,0.9800000190734863
151,0.017428064718842506,0.013895146548748016,0.9825000166893005,0.9800000190734863
152,0.017402471974492073,0.013828364200890064,0.9825000166893005,0.9800000190734863
153,0.017367253080010414,0.013846014626324177,0.9825000166893005,0.9800000190734863
154,0.017342079430818558,0.013746265321969986,0.9825000166893005,0.9800000190734863
155,0.01731054298579693,0.01376395858824253,0.9825000166893005,0.9800000190734863
156,0.017283642664551735,0.013668372295796871,0.9825000166893005,0.9800000190734863
157,0.01725599728524685,0.013688546605408192,0.9825000166893005,0.9800000190734863
158,0.01723146252334118,0.013625359162688255,0.9825000166893005,0.9800000190734863
159,0.01720144785940647,0.013609008863568306,0.9825000166893005,0.9800000190734863
160,0.017180556431412697,0.013550542294979095,0.9825000166893005,0.9800000190734863
161,0.017146559432148933,0.013536935672163963,0.9825000166893005,0.9800000190734863
162,0.01713239774107933,0.01348222978413105,0.9825000166893005,0.9800000190734863
163,0.017099494114518166,0.01350435707718134,0.9825000166893005,0.9800000190734863
164,0.017081134021282196,0.01341331284493208,0.9825000166893005,0.9800000190734863
165,0.01705242693424225,0.013436290435492992,0.9825000166893005,0.9800000190734863
166,0.017032181844115257,0.013349140994250774,0.9825000166893005,0.9800000190734863
167,0.01700686104595661,0.013374317437410355,0.9825000166893005,0.9800000190734863
168,0.01699136197566986,0.013318759389221668,0.9825000166893005,0.9800000190734863
169,0.016958484426140785,0.013307681307196617,0.9825000166893005,0.9800000190734863
170,0.016948694363236427,0.01325642503798008,0.9825000166893005,0.9800000190734863
171,0.016916165128350258,0.01328086294233799,0.9825000166893005,0.9800000190734863
172,0.016905277967453003,0.013195235282182693,0.9825000166893005,0.9800000190734863
173,0.016875142231583595,0.013221127912402153,0.9825000166893005,0.9800000190734863
174,0.016864513978362083,0.013149789534509182,0.9825000166893005,0.9800000190734863
175,0.016837770119309425,0.01310879085212946,0.9825000166893005,0.9800000190734863
176,0.016819819808006287,0.013143155723810196,0.9825000166893005,0.9800000190734863
177,0.01680503785610199,0.013075479306280613,0.9825000166893005,0.9800000190734863
178,0.016779787838459015,0.01311088539659977,0.9825000166893005,0.9800000190734863
179,0.01676665060222149,0.013039208948612213,0.9825000166893005,0.9800000190734863
180,0.016742024570703506,0.012999637052416801,0.9825000166893005,0.9800000190734863
181,0.01672610454261303,0.013034510426223278,0.9825000166893005,0.9800000190734863
182,0.01671241782605648,0.012969007715582848,0.9825000166893005,0.9800000190734863
183,0.016688888892531395,0.013004976324737072,0.9825000166893005,0.9800000190734863
184,0.0166766420006752,0.012935381382703781,0.9825000166893005,0.9800000190734863
185,0.01665380224585533,0.012897850014269352,0.9825000166893005,0.9800000190734863
186,0.016639163717627525,0.012933225370943546,0.9825000166893005,0.9800000190734863
187,0.01662646234035492,0.012869831174612045,0.9825000166893005,0.9800000190734863
188,0.01660449430346489,0.01290642749518156,0.9825000166893005,0.9800000190734863
189,0.016593335196375847,0.012839210219681263,0.9825000166893005,0.9800000190734863
190,0.016572410240769386,0.012804081663489342,0.9825000166893005,0.9800000190734863
191,0.016558416187763214,0.012840628623962402,0.9825000166893005,0.9800000190734863
192,0.01654675602912903,0.012779474258422852,0.9825000166893005,0.9800000190734863
193,0.0165262334048748,0.012817003764212132,0.9825000166893005,0.9800000190734863
194,0.01651591807603836,0.012751808390021324,0.9825000166893005,0.9800000190734863
195,0.016496960073709488,0.012718180194497108,0.9825000166893005,0.9800000190734863
196,0.01648367941379547,0.012754895724356174,0.9825000166893005,0.9800000190734863
197,0.01647288352251053,0.012695602141320705,0.9825000166893005,0.9800000190734863
198,0.016453776508569717,0.01273338682949543,0.9825000166893005,0.9800000190734863
199,0.01644703559577465,0.012697202153503895,0.9825000166893005,0.9800000190734863
200,0.016424786299467087,0.012632781639695168,0.9825000166893005,0.9800000190734863
